"Dataset","Std_Dev_of_Residuals","Mean_Residual","Median_Residual"
"testData_links123",3.18375027453581,0.000142463269616889,0.110504980559692
"testData_rechts123",1.90927162624032,0.000981690288908928,0.00505170782787312
